question,answer
"What is MCA Software Solutions?","MCA Software Solutions is a leading provider of software testing and quality assurance services, founded in April 2017. We specialize in delivering tailored testing solutions across diverse industries."
"What is your mission?","To provide specialized, reliable, and high-quality QA and testing services globally."
"What is your vision?","Empowering businesses globally by delivering flawless, secure, and innovative software systems."
"What are your core values?","Our core values are Integrity, Reliability, Transparency, and Respect."
"What services do you offer?","We offer comprehensive services including: 1) Software Testing - manual, automated, and exploratory testing, 2) Blockchain Testing - for Web3 applications and smart contracts, 3) AI-Integrated Testing - utilizing AI modules for improved automation, 4) Managed Resourcing - fully managed QA teams tailored to client needs."
"Why should we choose MCA Software Solutions?","We stand out because of our years of proven expertise in QA and IT Governance, integration of AI for predictive analytics and automation, and cost-effective solutions tailored for clients across industries. We focus on ensuring security, scalability, and reliability while collaborating with clients to align IT solutions with business goals."
"Who are your clients?","We work with major organizations including Enbridge Gas (Utility SAP CRM application testing), Bell Canada (Telecom software testing), Hydro One (Utility systems testing), WSIB (insurance systems QA), Veridid Corporation (Blockchain identity verification), and Helios NFT (NFT smart contract testing)."
"What industries do you serve?","We serve telecommunications, utilities, finance, blockchain, healthcare, and AI-driven industries."
"How do you handle blockchain testing?","We conduct rigorous testing for Web3 applications, smart contracts, and decentralized platforms to ensure scalability and security."
"What are your company goals?","Our key goals include: 1) Ensuring rigorous application testing before deployment, 2) Maintaining 15-20% reduction in QA costs for clients, 3) Expanding globally in the North American market, 4) Integrating advanced AI tools for better automation testing, 5) Supporting blockchain innovation through robust testing."
"How can I contact MCA Software Solutions?","You can reach us through: Email: info@mcasoftwaresolutions.com, Management: management@mcasoftwaresolutions.com, Phone: +1 (365) 886-2439"
"What is your company philosophy?","We believe that software quality is the foundation of digital success, and we aim to ensure every application is rigorously tested before going live."